trial,elapsed_sec,elapsed_hms
0,411.126214,0:06:51
1,414.501207,0:06:55
2,416.920905,0:06:57
3,410.636066,0:06:51
4,400.474601,0:06:40
