trial,elapsed_sec,elapsed_hms
1,269.506646,0:04:30
2,257.000927,0:04:17
3,259.232330,0:04:19
4,259.460336,0:04:19
5,265.173018,0:04:25
