trial,elapsed_sec,elapsed_hms
1,267.532418,0:04:28
2,267.257835,0:04:27
3,270.180823,0:04:30
4,271.349949,0:04:31
5,266.841600,0:04:27
