trial,elapsed_sec,elapsed_hms
0,454.739941,0:07:35
1,472.518022,0:07:53
2,485.358283,0:08:05
3,509.773253,0:08:30
4,488.592660,0:08:09
