trial,elapsed_sec,elapsed_hms
0,8317.723127,2:18:38
1,2949.960503,0:49:10
2,15952.623957,4:25:53
3,9655.729522,2:40:56
4,3129.433319,0:52:09
