trial,elapsed_sec,elapsed_hms
0,890.342250,0:14:50
1,870.723633,0:14:31
2,891.268813,0:14:51
3,879.161874,0:14:39
4,910.441564,0:15:10
