trial,elapsed_sec,elapsed_hms
0,274.499459,0:04:34
1,268.700000,0:04:29
2,275.614713,0:04:36
3,314.739902,0:05:15
4,273.054669,0:04:33
