trial,elapsed_sec,elapsed_hms
0,359.571854,0:06:00
1,359.636881,0:06:00
2,364.286641,0:06:04
3,365.225051,0:06:05
4,337.031845,0:05:37
