trial,elapsed_sec,elapsed_hms
0,6407.426918,1:46:47
1,4551.404142,1:15:51
2,8222.628198,2:17:03
3,4461.807497,1:14:22
4,4530.081596,1:15:30
